category,price_e_tax,price_i_tax,tax,quantity,reviews
Poetry,Â£51.77,Â£51.77,Â£0.00,In stock (22 available),0
Historical Fiction,Â£53.74,Â£53.74,Â£0.00,In stock (20 available),0
Fiction,Â£50.10,Â£50.10,Â£0.00,In stock (20 available),0
Mystery,Â£47.82,Â£47.82,Â£0.00,In stock (20 available),0
History,Â£54.23,Â£54.23,Â£0.00,In stock (20 available),0
Young Adult,Â£22.65,Â£22.65,Â£0.00,In stock (19 available),0
Business,Â£33.34,Â£33.34,Â£0.00,In stock (19 available),0
Default,Â£17.93,Â£17.93,Â£0.00,In stock (19 available),0
Default,Â£22.60,Â£22.60,Â£0.00,In stock (19 available),0
Poetry,Â£52.15,Â£52.15,Â£0.00,In stock (19 available),0
Default,Â£13.99,Â£13.99,Â£0.00,In stock (19 available),0
Poetry,Â£20.66,Â£20.66,Â£0.00,In stock (19 available),0
Young Adult,Â£17.46,Â£17.46,Â£0.00,In stock (19 available),0
Sequential Art,Â£52.29,Â£52.29,Â£0.00,In stock (19 available),0
Music,Â£35.02,Â£35.02,Â£0.00,In stock (19 available),0
Music,Â£57.25,Â£57.25,Â£0.00,In stock (19 available),0
Poetry,Â£23.88,Â£23.88,Â£0.00,In stock (19 available),0
Science Fiction,Â£37.59,Â£37.59,Â£0.00,In stock (19 available),0
Politics,Â£51.33,Â£51.33,Â£0.00,In stock (19 available),0
Travel,Â£45.17,Â£45.17,Â£0.00,In stock (19 available),0
Thriller,Â£12.84,Â£12.84,Â£0.00,In stock (19 available),0
Music,Â£37.32,Â£37.32,Â£0.00,In stock (19 available),0
Food and Drink,Â£30.52,Â£30.52,Â£0.00,In stock (19 available),0
Romance,Â£25.27,Â£25.27,Â£0.00,In stock (19 available),0
Romance,Â£34.53,Â£34.53,Â£0.00,In stock (19 available),0
Childrens,Â£54.64,Â£54.64,Â£0.00,In stock (19 available),0
Default,Â£22.50,Â£22.50,Â£0.00,In stock (19 available),0
Default,Â£53.13,Â£53.13,Â£0.00,In stock (19 available),0
Nonfiction,Â£40.30,Â£40.30,Â£0.00,In stock (18 available),0
Art,Â£44.18,Â£44.18,Â£0.00,In stock (18 available),0
Spirituality,Â£17.66,Â£17.66,Â£0.00,In stock (18 available),0
Nonfiction,Â£31.05,Â£31.05,Â£0.00,In stock (18 available),0
Thriller,Â£23.82,Â£23.82,Â£0.00,In stock (18 available),0
Childrens,Â£36.89,Â£36.89,Â£0.00,In stock (18 available),0
Philosophy,Â£15.94,Â£15.94,Â£0.00,In stock (18 available),0
Default,Â£33.29,Â£33.29,Â£0.00,In stock (18 available),0
Default,Â£18.02,Â£18.02,Â£0.00,In stock (18 available),0
Mystery,Â£19.63,Â£19.63,Â£0.00,In stock (18 available),0
Thriller,Â£52.22,Â£52.22,Â£0.00,In stock (18 available),0
Poetry,Â£33.63,Â£33.63,Â£0.00,In stock (17 available),0
Poetry,Â£57.31,Â£57.31,Â£0.00,In stock (17 available),0
Nonfiction,Â£26.41,Â£26.41,Â£0.00,In stock (17 available),0
Fiction,Â£47.61,Â£47.61,Â£0.00,In stock (17 available),0
Nonfiction,Â£23.11,Â£23.11,Â£0.00,In stock (17 available),0
New Adult,Â£45.07,Â£45.07,Â£0.00,In stock (16 available),0
Contemporary,Â£31.77,Â£31.77,Â£0.00,In stock (16 available),0
Fiction,Â£50.27,Â£50.27,Â£0.00,In stock (16 available),0
Poetry,Â£14.27,Â£14.27,Â£0.00,In stock (16 available),0
Nonfiction,Â£44.18,Â£44.18,Â£0.00,In stock (16 available),0
Fantasy,Â£18.78,Â£18.78,Â£0.00,In stock (16 available),0
History,Â£25.52,Â£25.52,Â£0.00,In stock (16 available),0
Sequential Art,Â£16.28,Â£16.28,Â£0.00,In stock (16 available),0
Nonfiction,Â£31.12,Â£31.12,Â£0.00,In stock (16 available),0
Sequential Art,Â£19.49,Â£19.49,Â£0.00,In stock (16 available),0
Fiction,Â£17.27,Â£17.27,Â£0.00,In stock (16 available),0
Add a comment,Â£19.09,Â£19.09,Â£0.00,In stock (16 available),0
Childrens,Â£56.13,Â£56.13,Â£0.00,In stock (16 available),0
Food and Drink,Â£56.41,Â£56.41,Â£0.00,In stock (16 available),0
Mystery,Â£56.50,Â£56.50,Â£0.00,In stock (16 available),0
Young Adult,Â£45.22,Â£45.22,Â£0.00,In stock (16 available),0
Sequential Art,Â£38.16,Â£38.16,Â£0.00,In stock (16 available),0
Fiction,Â£54.11,Â£54.11,Â£0.00,In stock (16 available),0
Science,Â£42.96,Â£42.96,Â£0.00,In stock (16 available),0
Add a comment,Â£23.89,Â£23.89,Â£0.00,In stock (16 available),0
Nonfiction,Â£16.77,Â£16.77,Â£0.00,In stock (16 available),0
Default,Â£20.59,Â£20.59,Â£0.00,In stock (16 available),0
Nonfiction,Â£37.13,Â£37.13,Â£0.00,In stock (16 available),0
Nonfiction,Â£56.06,Â£56.06,Â£0.00,In stock (16 available),0
Philosophy,Â£58.11,Â£58.11,Â£0.00,In stock (16 available),0
Health,Â£49.05,Â£49.05,Â£0.00,In stock (16 available),0
Add a comment,Â£40.76,Â£40.76,Â£0.00,In stock (16 available),0
History,Â£19.73,Â£19.73,Â£0.00,In stock (16 available),0
Spirituality,Â£32.24,Â£32.24,Â£0.00,In stock (16 available),0
Nonfiction,Â£41.83,Â£41.83,Â£0.00,In stock (16 available),0
Default,Â£39.58,Â£39.58,Â£0.00,In stock (16 available),0
Horror,Â£39.25,Â£39.25,Â£0.00,In stock (16 available),0
Fantasy,Â£25.02,Â£25.02,Â£0.00,In stock (16 available),0
Sequential Art,Â£51.04,Â£51.04,Â£0.00,In stock (16 available),0
Nonfiction,Â£19.83,Â£19.83,Â£0.00,In stock (16 available),0
Sequential Art,Â£50.40,Â£50.40,Â£0.00,In stock (16 available),0
Sequential Art,Â£13.61,Â£13.61,Â£0.00,In stock (16 available),0
Fantasy,Â£13.34,Â£13.34,Â£0.00,In stock (16 available),0
Sequential Art,Â£18.97,Â£18.97,Â£0.00,In stock (16 available),0
History,Â£36.28,Â£36.28,Â£0.00,In stock (16 available),0
Sequential Art,Â£10.16,Â£10.16,Â£0.00,In stock (16 available),0
Sequential Art,Â£15.44,Â£15.44,Â£0.00,In stock (16 available),0
Sequential Art,Â£48.41,Â£48.41,Â£0.00,In stock (16 available),0
Self Help,Â£46.35,Â£46.35,Â£0.00,In stock (16 available),0
Add a comment,Â£14.07,Â£14.07,Â£0.00,In stock (16 available),0
Young Adult,Â£14.86,Â£14.86,Â£0.00,In stock (16 available),0
Food and Drink,Â£33.37,Â£33.37,Â£0.00,In stock (16 available),0
Fantasy,Â£56.40,Â£56.40,Â£0.00,In stock (16 available),0
Food and Drink,Â£14.02,Â£14.02,Â£0.00,In stock (16 available),0
Sequential Art,Â£46.91,Â£46.91,Â£0.00,In stock (16 available),0
Sequential Art,Â£45.61,Â£45.61,Â£0.00,In stock (16 available),0
Sequential Art,Â£19.92,Â£19.92,Â£0.00,In stock (16 available),0
Food and Drink,Â£40.11,Â£40.11,Â£0.00,In stock (16 available),0
Add a comment,Â£53.90,Â£53.90,Â£0.00,In stock (16 available),0
Science Fiction,Â£35.67,Â£35.67,Â£0.00,In stock (16 available),0
Nonfiction,Â£22.00,Â£22.00,Â£0.00,In stock (16 available),0
Science,Â£57.36,Â£57.36,Â£0.00,In stock (16 available),0
Sequential Art,Â£29.17,Â£29.17,Â£0.00,In stock (16 available),0
Sequential Art,Â£54.63,Â£54.63,Â£0.00,In stock (16 available),0
Self Help,Â£46.03,Â£46.03,Â£0.00,In stock (16 available),0
Romance,Â£33.97,Â£33.97,Â£0.00,In stock (16 available),0
Sequential Art,Â£22.11,Â£22.11,Â£0.00,In stock (16 available),0
Historical Fiction,Â£29.69,Â£29.69,Â£0.00,In stock (16 available),0
Romance,Â£15.97,Â£15.97,Â£0.00,In stock (16 available),0
Romance,Â£21.96,Â£21.96,Â£0.00,In stock (16 available),0
Nonfiction,Â£54.35,Â£54.35,Â£0.00,In stock (16 available),0
Religion,Â£37.97,Â£37.97,Â£0.00,In stock (16 available),0
Sequential Art,Â£51.99,Â£51.99,Â£0.00,In stock (16 available),0
Fantasy,Â£43.29,Â£43.29,Â£0.00,In stock (16 available),0
Sequential Art,Â£36.72,Â£36.72,Â£0.00,In stock (16 available),0
Sequential Art,Â£17.08,Â£17.08,Â£0.00,In stock (16 available),0
Nonfiction,Â£29.14,Â£29.14,Â£0.00,In stock (16 available),0
Young Adult,Â£28.81,Â£28.81,Â£0.00,In stock (16 available),0
Default,Â£49.46,Â£49.46,Â£0.00,In stock (16 available),0
Sequential Art,Â£37.92,Â£37.92,Â£0.00,In stock (16 available),0
Fantasy,Â£28.09,Â£28.09,Â£0.00,In stock (16 available),0
Nonfiction,Â£30.81,Â£30.81,Â£0.00,In stock (16 available),0
Default,Â£42.95,Â£42.95,Â£0.00,In stock (16 available),0
Default,Â£56.76,Â£56.76,Â£0.00,In stock (16 available),0
Mystery,Â£16.64,Â£16.64,Â£0.00,In stock (16 available),0
Historical Fiction,Â£55.53,Â£55.53,Â£0.00,In stock (16 available),0
Young Adult,Â£28.13,Â£28.13,Â£0.00,In stock (16 available),0
Fantasy,Â£52.37,Â£52.37,Â£0.00,In stock (16 available),0
Christian,Â£54.00,Â£54.00,Â£0.00,In stock (16 available),0
Religion,Â£21.87,Â£21.87,Â£0.00,In stock (15 available),0
Science Fiction,Â£43.30,Â£43.30,Â£0.00,In stock (15 available),0
Fiction,Â£21.04,Â£21.04,Â£0.00,In stock (15 available),0
Default,Â£41.60,Â£41.60,Â£0.00,In stock (15 available),0
Fantasy,Â£35.07,Â£35.07,Â£0.00,In stock (15 available),0
History,Â£59.64,Â£59.64,Â£0.00,In stock (15 available),0
Default,Â£52.72,Â£52.72,Â£0.00,In stock (15 available),0
Childrens,Â£58.08,Â£58.08,Â£0.00,In stock (15 available),0
Romance,Â£24.12,Â£24.12,Â£0.00,In stock (15 available),0
Fiction,Â£42.15,Â£42.15,Â£0.00,In stock (15 available),0
Business,Â£12.61,Â£12.61,Â£0.00,In stock (15 available),0
Philosophy,Â£17.44,Â£17.44,Â£0.00,In stock (15 available),0
Sequential Art,Â£33.14,Â£33.14,Â£0.00,In stock (15 available),0
Default,Â£27.37,Â£27.37,Â£0.00,In stock (15 available),0
Fiction,Â£51.36,Â£51.36,Â£0.00,In stock (15 available),0
Default,Â£36.00,Â£36.00,Â£0.00,In stock (15 available),0
Science Fiction,Â£10.65,Â£10.65,Â£0.00,In stock (15 available),0
Nonfiction,Â£43.54,Â£43.54,Â£0.00,In stock (15 available),0
Nonfiction,Â£38.21,Â£38.21,Â£0.00,In stock (15 available),0
Food and Drink,Â£37.34,Â£37.34,Â£0.00,In stock (15 available),0
Mystery,Â£44.10,Â£44.10,Â£0.00,In stock (15 available),0
New Adult,Â£43.29,Â£43.29,Â£0.00,In stock (15 available),0
New Adult,Â£55.85,Â£55.85,Â£0.00,In stock (15 available),0
Food and Drink,Â£37.60,Â£37.60,Â£0.00,In stock (15 available),0
Crime,Â£10.97,Â£10.97,Â£0.00,In stock (15 available),0
Default,Â£41.82,Â£41.82,Â£0.00,In stock (15 available),0
Historical Fiction,Â£36.95,Â£36.95,Â£0.00,In stock (15 available),0
Fantasy,Â£44.28,Â£44.28,Â£0.00,In stock (15 available),0
Default,Â£55.02,Â£55.02,Â£0.00,In stock (15 available),0
Nonfiction,Â£17.24,Â£17.24,Â£0.00,In stock (15 available),0
Default,Â£23.15,Â£23.15,Â£0.00,In stock (15 available),0
Food and Drink,Â£41.25,Â£41.25,Â£0.00,In stock (15 available),0
Default,Â£32.00,Â£32.00,Â£0.00,In stock (15 available),0
Nonfiction,Â£38.49,Â£38.49,Â£0.00,In stock (15 available),0
Default,Â£33.34,Â£33.34,Â£0.00,In stock (15 available),0
Autobiography,Â£10.93,Â£10.93,Â£0.00,In stock (15 available),0
Business,Â£27.55,Â£27.55,Â£0.00,In stock (15 available),0
Romance,Â£55.99,Â£55.99,Â£0.00,In stock (15 available),0
Romance,Â£16.24,Â£16.24,Â£0.00,In stock (15 available),0
Science Fiction,Â£26.12,Â£26.12,Â£0.00,In stock (15 available),0
Nonfiction,Â£12.23,Â£12.23,Â£0.00,In stock (15 available),0
Business,Â£23.99,Â£23.99,Â£0.00,In stock (15 available),0
Add a comment,Â£29.06,Â£29.06,Â£0.00,In stock (15 available),0
Default,Â£20.27,Â£20.27,Â£0.00,In stock (15 available),0
Young Adult,Â£43.55,Â£43.55,Â£0.00,In stock (15 available),0
Default,Â£36.94,Â£36.94,Â£0.00,In stock (15 available),0
Christian Fiction,Â£20.47,Â£20.47,Â£0.00,In stock (15 available),0
Default,Â£41.06,Â£41.06,Â£0.00,In stock (15 available),0
Poetry,Â£14.19,Â£14.19,Â£0.00,In stock (15 available),0
Young Adult,Â£38.28,Â£38.28,Â£0.00,In stock (15 available),0
Poetry,Â£41.05,Â£41.05,Â£0.00,In stock (15 available),0
Historical Fiction,Â£30.25,Â£30.25,Â£0.00,In stock (15 available),0
Add a comment,Â£28.26,Â£28.26,Â£0.00,In stock (15 available),0
Default,Â£10.76,Â£10.76,Â£0.00,In stock (15 available),0
Biography,Â£16.85,Â£16.85,Â£0.00,In stock (15 available),0
Childrens,Â£13.47,Â£13.47,Â£0.00,In stock (15 available),0
Young Adult,Â£48.56,Â£48.56,Â£0.00,In stock (15 available),0
Default,Â£19.15,Â£19.15,Â£0.00,In stock (15 available),0
Womens Fiction,Â£57.36,Â£57.36,Â£0.00,In stock (15 available),0
Fantasy,Â£42.98,Â£42.98,Â£0.00,In stock (15 available),0
Default,Â£22.16,Â£22.16,Â£0.00,In stock (15 available),0
Travel,Â£49.43,Â£49.43,Â£0.00,In stock (15 available),0
Young Adult,Â£29.99,Â£29.99,Â£0.00,In stock (15 available),0
Horror,Â£21.36,Â£21.36,Â£0.00,In stock (15 available),0
Default,Â£29.00,Â£29.00,Â£0.00,In stock (15 available),0
Fiction,Â£53.53,Â£53.53,Â£0.00,In stock (15 available),0
Sequential Art,Â£41.62,Â£41.62,Â£0.00,In stock (15 available),0
Default,Â£54.59,Â£54.59,Â£0.00,In stock (15 available),0
Default,Â£34.95,Â£34.95,Â£0.00,In stock (15 available),0
Default,Â£37.72,Â£37.72,Â£0.00,In stock (15 available),0
Romance,Â£35.61,Â£35.61,Â£0.00,In stock (15 available),0
Food and Drink,Â£42.16,Â£42.16,Â£0.00,In stock (15 available),0
Erotica,Â£19.19,Â£19.19,Â£0.00,In stock (15 available),0
Nonfiction,Â£19.43,Â£19.43,Â£0.00,In stock (15 available),0
Christian Fiction,Â£49.46,Â£49.46,Â£0.00,In stock (15 available),0
Spirituality,Â£37.80,Â£37.80,Â£0.00,In stock (15 available),0
Nonfiction,Â£30.80,Â£30.80,Â£0.00,In stock (15 available),0
Nonfiction,Â£27.43,Â£27.43,Â£0.00,In stock (15 available),0
Default,Â£11.11,Â£11.11,Â£0.00,In stock (15 available),0
Sequential Art,Â£36.50,Â£36.50,Â£0.00,In stock (15 available),0
Sequential Art,Â£15.38,Â£15.38,Â£0.00,In stock (15 available),0
Default,Â£15.48,Â£15.48,Â£0.00,In stock (15 available),0
Default,Â£46.82,Â£46.82,Â£0.00,In stock (15 available),0
Default,Â£18.46,Â£18.46,Â£0.00,In stock (15 available),0
Cultural,Â£36.58,Â£36.58,Â£0.00,In stock (15 available),0
Default,Â£50.54,Â£50.54,Â£0.00,In stock (15 available),0
Nonfiction,Â£12.51,Â£12.51,Â£0.00,In stock (15 available),0
History,Â£24.70,Â£24.70,Â£0.00,In stock (14 available),0
Thriller,Â£43.61,Â£43.61,Â£0.00,In stock (14 available),0
Sequential Art,Â£37.34,Â£37.34,Â£0.00,In stock (14 available),0
Young Adult,Â£14.36,Â£14.36,Â£0.00,In stock (14 available),0
Politics,Â£52.65,Â£52.65,Â£0.00,In stock (14 available),0
Nonfiction,Â£38.20,Â£38.20,Â£0.00,In stock (14 available),0
Nonfiction,Â£19.60,Â£19.60,Â£0.00,In stock (14 available),0
Sequential Art,Â£53.90,Â£53.90,Â£0.00,In stock (14 available),0
Childrens,Â£12.96,Â£12.96,Â£0.00,In stock (14 available),0
Default,Â£37.10,Â£37.10,Â£0.00,In stock (14 available),0
Young Adult,Â£46.31,Â£46.31,Â£0.00,In stock (14 available),0
Default,Â£45.95,Â£45.95,Â£0.00,In stock (14 available),0
Childrens,Â£22.08,Â£22.08,Â£0.00,In stock (14 available),0
Sequential Art,Â£25.38,Â£25.38,Â£0.00,In stock (14 available),0
Young Adult,Â£27.12,Â£27.12,Â£0.00,In stock (14 available),0
Nonfiction,Â£43.04,Â£43.04,Â£0.00,In stock (14 available),0
Default,Â£56.80,Â£56.80,Â£0.00,In stock (14 available),0
Add a comment,Â£25.91,Â£25.91,Â£0.00,In stock (14 available),0
Romance,Â£32.61,Â£32.61,Â£0.00,In stock (14 available),0
Fiction,Â£27.88,Â£27.88,Â£0.00,In stock (14 available),0
Fiction,Â£52.67,Â£52.67,Â£0.00,In stock (14 available),0
Fantasy,Â£46.02,Â£46.02,Â£0.00,In stock (14 available),0
Default,Â£44.48,Â£44.48,Â£0.00,In stock (14 available),0
Add a comment,Â£37.40,Â£37.40,Â£0.00,In stock (14 available),0
Default,Â£54.04,Â£54.04,Â£0.00,In stock (14 available),0
Default,Â£16.88,Â£16.88,Â£0.00,In stock (14 available),0
Historical Fiction,Â£28.08,Â£28.08,Â£0.00,In stock (14 available),0
Psychology,Â£10.40,Â£10.40,Â£0.00,In stock (14 available),0
Humor,Â£44.07,Â£44.07,Â£0.00,In stock (14 available),0
Horror,Â£23.40,Â£23.40,Â£0.00,In stock (14 available),0
Nonfiction,Â£17.43,Â£17.43,Â£0.00,In stock (14 available),0
Mystery,Â£54.21,Â£54.21,Â£0.00,In stock (14 available),0
Add a comment,Â£40.67,Â£40.67,Â£0.00,In stock (14 available),0
Fantasy,Â£52.26,Â£52.26,Â£0.00,In stock (14 available),0
Food and Drink,Â£28.77,Â£28.77,Â£0.00,In stock (14 available),0
Thriller,Â£13.82,Â£13.82,Â£0.00,In stock (14 available),0
Fiction,Â£25.85,Â£25.85,Â£0.00,In stock (14 available),0
Add a comment,Â£48.78,Â£48.78,Â£0.00,In stock (14 available),0
Young Adult,Â£35.35,Â£35.35,Â£0.00,In stock (14 available),0
Fantasy,Â£44.73,Â£44.73,Â£0.00,In stock (14 available),0
Nonfiction,Â£15.77,Â£15.77,Â£0.00,In stock (14 available),0
Thriller,Â£39.24,Â£39.24,Â£0.00,In stock (14 available),0
Mystery,Â£13.92,Â£13.92,Â£0.00,In stock (14 available),0
Mystery,Â£10.69,Â£10.69,Â£0.00,In stock (14 available),0
Fiction,Â£45.21,Â£45.21,Â£0.00,In stock (14 available),0
Nonfiction,Â£45.58,Â£45.58,Â£0.00,In stock (14 available),0
Sequential Art,Â£11.89,Â£11.89,Â£0.00,In stock (14 available),0
Fiction,Â£26.41,Â£26.41,Â£0.00,In stock (14 available),0
Default,Â£39.50,Â£39.50,Â£0.00,In stock (14 available),0
Science,Â£44.74,Â£44.74,Â£0.00,In stock (14 available),0
Contemporary,Â£52.79,Â£52.79,Â£0.00,In stock (14 available),0
Sequential Art,Â£35.43,Â£35.43,Â£0.00,In stock (14 available),0
Fiction,Â£55.84,Â£55.84,Â£0.00,In stock (14 available),0
Travel,Â£48.87,Â£48.87,Â£0.00,In stock (14 available),0
Poetry,Â£46.78,Â£46.78,Â£0.00,In stock (14 available),0
Sequential Art,Â£47.82,Â£47.82,Â£0.00,In stock (14 available),0
Sequential Art,Â£25.48,Â£25.48,Â£0.00,In stock (14 available),0
Childrens,Â£23.57,Â£23.57,Â£0.00,In stock (14 available),0
Poetry,Â£50.89,Â£50.89,Â£0.00,In stock (14 available),0
Horror,Â£10.56,Â£10.56,Â£0.00,In stock (14 available),0
Self Help,Â£52.15,Â£52.15,Â£0.00,In stock (14 available),0
Childrens,Â£18.28,Â£18.28,Â£0.00,In stock (14 available),0
Humor,Â£11.83,Â£11.83,Â£0.00,In stock (14 available),0
Nonfiction,Â£21.95,Â£21.95,Â£0.00,In stock (14 available),0
Sequential Art,Â£38.39,Â£38.39,Â£0.00,In stock (14 available),0
Fiction,Â£41.56,Â£41.56,Â£0.00,In stock (14 available),0
Fiction,Â£24.48,Â£24.48,Â£0.00,In stock (14 available),0
Young Adult,Â£40.36,Â£40.36,Â£0.00,In stock (14 available),0
Fiction,Â£28.90,Â£28.90,Â£0.00,In stock (14 available),0
Add a comment,Â£37.61,Â£37.61,Â£0.00,In stock (14 available),0
Business,Â£38.85,Â£38.85,Â£0.00,In stock (14 available),0
Childrens,Â£53.95,Â£53.95,Â£0.00,In stock (14 available),0
Default,Â£49.83,Â£49.83,Â£0.00,In stock (14 available),0
Sequential Art,Â£51.51,Â£51.51,Â£0.00,In stock (14 available),0
Music,Â£18.03,Â£18.03,Â£0.00,In stock (14 available),0
Nonfiction,Â£29.14,Â£29.14,Â£0.00,In stock (14 available),0
Default,Â£46.91,Â£46.91,Â£0.00,In stock (14 available),0
Nonfiction,Â£26.79,Â£26.79,Â£0.00,In stock (14 available),0
Default,Â£16.28,Â£16.28,Â£0.00,In stock (14 available),0
Food and Drink,Â£19.55,Â£19.55,Â£0.00,In stock (14 available),0
Fantasy,Â£29.65,Â£29.65,Â£0.00,In stock (14 available),0
Humor,Â£25.98,Â£25.98,Â£0.00,In stock (14 available),0
Fiction,Â£10.60,Â£10.60,Â£0.00,In stock (14 available),0
Humor,Â£14.75,Â£14.75,Â£0.00,In stock (14 available),0
Default,Â£47.02,Â£47.02,Â£0.00,In stock (14 available),0
Romance,Â£28.82,Â£28.82,Â£0.00,In stock (14 available),0
Nonfiction,Â£58.79,Â£58.79,Â£0.00,In stock (14 available),0
Default,Â£10.23,Â£10.23,Â£0.00,In stock (14 available),0
Religion,Â£30.03,Â£30.03,Â£0.00,In stock (14 available),0
Historical Fiction,Â£45.84,Â£45.84,Â£0.00,In stock (14 available),0
Art,Â£49.05,Â£49.05,Â£0.00,In stock (14 available),0
Nonfiction,Â£15.06,Â£15.06,Â£0.00,In stock (14 available),0
Default,Â£46.47,Â£46.47,Â£0.00,In stock (14 available),0
Fiction,Â£27.09,Â£27.09,Â£0.00,In stock (14 available),0
Sequential Art,Â£57.62,Â£57.62,Â£0.00,In stock (14 available),0
Fiction,Â£14.39,Â£14.39,Â£0.00,In stock (14 available),0
Nonfiction,Â£51.75,Â£51.75,Â£0.00,In stock (14 available),0
Health,Â£54.07,Â£54.07,Â£0.00,In stock (14 available),0
Young Adult,Â£55.35,Â£55.35,Â£0.00,In stock (14 available),0
Horror,Â£40.12,Â£40.12,Â£0.00,In stock (14 available),0
Fantasy,Â£37.51,Â£37.51,Â£0.00,In stock (14 available),0
Fiction,Â£11.21,Â£11.21,Â£0.00,In stock (14 available),0
Default,Â£36.58,Â£36.58,Â£0.00,In stock (14 available),0
Christian,Â£47.72,Â£47.72,Â£0.00,In stock (14 available),0
Fiction,Â£25.01,Â£25.01,Â£0.00,In stock (14 available),0
Add a comment,Â£22.13,Â£22.13,Â£0.00,In stock (14 available),0
Default,Â£44.14,Â£44.14,Â£0.00,In stock (14 available),0
Fantasy,Â£56.02,Â£56.02,Â£0.00,In stock (14 available),0
Default,Â£11.23,Â£11.23,Â£0.00,In stock (14 available),0
Default,Â£43.28,Â£43.28,Â£0.00,In stock (14 available),0
Default,Â£47.27,Â£47.27,Â£0.00,In stock (14 available),0
Add a comment,Â£20.29,Â£20.29,Â£0.00,In stock (14 available),0
Young Adult,Â£50.83,Â£50.83,Â£0.00,In stock (14 available),0
Default,Â£31.85,Â£31.85,Â£0.00,In stock (14 available),0
Default,Â£46.23,Â£46.23,Â£0.00,In stock (14 available),0
Nonfiction,Â£37.80,Â£37.80,Â£0.00,In stock (14 available),0
Nonfiction,Â£49.32,Â£49.32,Â£0.00,In stock (14 available),0
Sequential Art,Â£32.01,Â£32.01,Â£0.00,In stock (14 available),0
Food and Drink,Â£28.01,Â£28.01,Â£0.00,In stock (14 available),0
Food and Drink,Â£50.62,Â£50.62,Â£0.00,In stock (14 available),0
Fiction,Â£17.03,Â£17.03,Â£0.00,In stock (14 available),0
Sequential Art,Â£48.80,Â£48.80,Â£0.00,In stock (14 available),0
Young Adult,Â£58.14,Â£58.14,Â£0.00,In stock (14 available),0
Add a comment,Â£34.20,Â£34.20,Â£0.00,In stock (14 available),0
Default,Â£51.48,Â£51.48,Â£0.00,In stock (14 available),0
Historical,Â£29.87,Â£29.87,Â£0.00,In stock (14 available),0
Sequential Art,Â£10.90,Â£10.90,Â£0.00,In stock (14 available),0
Nonfiction,Â£56.37,Â£56.37,Â£0.00,In stock (14 available),0
Mystery,Â£48.35,Â£48.35,Â£0.00,In stock (14 available),0
Mystery,Â£16.73,Â£16.73,Â£0.00,In stock (14 available),0
Add a comment,Â£56.48,Â£56.48,Â£0.00,In stock (14 available),0
Add a comment,Â£40.79,Â£40.79,Â£0.00,In stock (14 available),0
Fiction,Â£39.72,Â£39.72,Â£0.00,In stock (14 available),0
History,Â£14.58,Â£14.58,Â£0.00,In stock (14 available),0
Add a comment,Â£55.51,Â£55.51,Â£0.00,In stock (14 available),0
History,Â£21.80,Â£21.80,Â£0.00,In stock (14 available),0
Default,Â£13.33,Â£13.33,Â£0.00,In stock (13 available),0
Fantasy,Â£38.73,Â£38.73,Â£0.00,In stock (13 available),0
Add a comment,Â£37.86,Â£37.86,Â£0.00,In stock (13 available),0
Food and Drink,Â£11.53,Â£11.53,Â£0.00,In stock (13 available),0
Nonfiction,Â£27.06,Â£27.06,Â£0.00,In stock (13 available),0
Womens Fiction,Â£13.86,Â£13.86,Â£0.00,In stock (12 available),0
Science,Â£37.55,Â£37.55,Â£0.00,In stock (12 available),0
Fantasy,Â£32.30,Â£32.30,Â£0.00,In stock (12 available),0
Fiction,Â£46.29,Â£46.29,Â£0.00,In stock (12 available),0
Add a comment,Â£26.20,Â£26.20,Â£0.00,In stock (12 available),0
Nonfiction,Â£33.26,Â£33.26,Â£0.00,In stock (12 available),0
Add a comment,Â£59.15,Â£59.15,Â£0.00,In stock (12 available),0
Psychology,Â£39.43,Â£39.43,Â£0.00,In stock (12 available),0
Young Adult,Â£14.44,Â£14.44,Â£0.00,In stock (12 available),0
Fiction,Â£56.54,Â£56.54,Â£0.00,In stock (12 available),0
Nonfiction,Â£59.90,Â£59.90,Â£0.00,In stock (12 available),0
Add a comment,Â£11.88,Â£11.88,Â£0.00,In stock (12 available),0
Young Adult,Â£48.05,Â£48.05,Â£0.00,In stock (12 available),0
Nonfiction,Â£21.21,Â£21.21,Â£0.00,In stock (12 available),0
Default,Â£49.67,Â£49.67,Â£0.00,In stock (12 available),0
Business,Â£43.14,Â£43.14,Â£0.00,In stock (12 available),0
Horror,Â£36.97,Â£36.97,Â£0.00,In stock (12 available),0
Mystery,Â£26.80,Â£26.80,Â£0.00,In stock (12 available),0
Add a comment,Â£15.71,Â£15.71,Â£0.00,In stock (12 available),0
Young Adult,Â£54.65,Â£54.65,Â£0.00,In stock (12 available),0
Mystery,Â£54.36,Â£54.36,Â£0.00,In stock (12 available),0
Mystery,Â£35.28,Â£35.28,Â£0.00,In stock (12 available),0
Historical Fiction,Â£20.55,Â£20.55,Â£0.00,In stock (12 available),0
Default,Â£58.32,Â£58.32,Â£0.00,In stock (12 available),0
Mystery,Â£11.84,Â£11.84,Â£0.00,In stock (12 available),0
Nonfiction,Â£41.46,Â£41.46,Â£0.00,In stock (12 available),0
Food and Drink,Â£20.10,Â£20.10,Â£0.00,In stock (12 available),0
Politics,Â£56.86,Â£56.86,Â£0.00,In stock (12 available),0
Default,Â£56.51,Â£56.51,Â£0.00,In stock (12 available),0
Romance,Â£40.83,Â£40.83,Â£0.00,In stock (12 available),0
Horror,Â£48.64,Â£48.64,Â£0.00,In stock (12 available),0
Mystery,Â£59.48,Â£59.48,Â£0.00,In stock (12 available),0
Historical Fiction,Â£39.01,Â£39.01,Â£0.00,In stock (12 available),0
Food and Drink,Â£38.77,Â£38.77,Â£0.00,In stock (12 available),0
Default,Â£48.39,Â£48.39,Â£0.00,In stock (11 available),0
Mystery,Â£27.26,Â£27.26,Â£0.00,In stock (11 available),0
Nonfiction,Â£11.68,Â£11.68,Â£0.00,In stock (11 available),0
Fiction,Â£59.45,Â£59.45,Â£0.00,In stock (11 available),0
Business,Â£21.00,Â£21.00,Â£0.00,In stock (11 available),0
Romance,Â£53.98,Â£53.98,Â£0.00,In stock (11 available),0
Science Fiction,Â£48.74,Â£48.74,Â£0.00,In stock (11 available),0
Biography,Â£21.15,Â£21.15,Â£0.00,In stock (11 available),0
Mystery,Â£13.71,Â£13.71,Â£0.00,In stock (11 available),0
Romance,Â£47.67,Â£47.67,Â£0.00,In stock (11 available),0
Fiction,Â£13.34,Â£13.34,Â£0.00,In stock (11 available),0
Nonfiction,Â£16.89,Â£16.89,Â£0.00,In stock (11 available),0
Autobiography,Â£27.18,Â£27.18,Â£0.00,In stock (11 available),0
Historical Fiction,Â£17.28,Â£17.28,Â£0.00,In stock (11 available),0
Fiction,Â£45.14,Â£45.14,Â£0.00,In stock (11 available),0
Autobiography,Â£40.85,Â£40.85,Â£0.00,In stock (11 available),0
Womens Fiction,Â£20.46,Â£20.46,Â£0.00,In stock (11 available),0
Psychology,Â£56.27,Â£56.27,Â£0.00,In stock (11 available),0
Womens Fiction,Â£48.49,Â£48.49,Â£0.00,In stock (11 available),0
Young Adult,Â£51.34,Â£51.34,Â£0.00,In stock (11 available),0
Fiction,Â£16.34,Â£16.34,Â£0.00,In stock (11 available),0
Food and Drink,Â£20.50,Â£20.50,Â£0.00,In stock (11 available),0
Business,Â£21.59,Â£21.59,Â£0.00,In stock (11 available),0
Science Fiction,Â£21.36,Â£21.36,Â£0.00,In stock (11 available),0
Default,Â£20.88,Â£20.88,Â£0.00,In stock (11 available),0
Nonfiction,Â£19.53,Â£19.53,Â£0.00,In stock (11 available),0
Romance,Â£14.75,Â£14.75,Â£0.00,In stock (11 available),0
Fiction,Â£48.48,Â£48.48,Â£0.00,In stock (11 available),0
Nonfiction,Â£24.57,Â£24.57,Â£0.00,In stock (10 available),0
Health,Â£49.71,Â£49.71,Â£0.00,In stock (10 available),0
Add a comment,Â£48.27,Â£48.27,Â£0.00,In stock (9 available),0
Add a comment,Â£58.05,Â£58.05,Â£0.00,In stock (9 available),0
Default,Â£58.87,Â£58.87,Â£0.00,In stock (9 available),0
Default,Â£11.82,Â£11.82,Â£0.00,In stock (9 available),0
Fiction,Â£28.03,Â£28.03,Â£0.00,In stock (9 available),0
Default,Â£44.05,Â£44.05,Â£0.00,In stock (9 available),0
Food and Drink,Â£12.34,Â£12.34,Â£0.00,In stock (9 available),0
Default,Â£16.68,Â£16.68,Â£0.00,In stock (9 available),0
Science,Â£55.91,Â£55.91,Â£0.00,In stock (9 available),0
Religion,Â£24.57,Â£24.57,Â£0.00,In stock (9 available),0
Health,Â£52.98,Â£52.98,Â£0.00,In stock (9 available),0
Young Adult,Â£54.40,Â£54.40,Â£0.00,In stock (9 available),0
Novels,Â£54.81,Â£54.81,Â£0.00,In stock (9 available),0
Childrens,Â£25.08,Â£25.08,Â£0.00,In stock (9 available),0
Default,Â£10.41,Â£10.41,Â£0.00,In stock (9 available),0
Default,Â£47.44,Â£47.44,Â£0.00,In stock (9 available),0
Spirituality,Â£20.91,Â£20.91,Â£0.00,In stock (9 available),0
Sequential Art,Â£33.95,Â£33.95,Â£0.00,In stock (9 available),0
Humor,Â£43.68,Â£43.68,Â£0.00,In stock (9 available),0
Young Adult,Â£33.23,Â£33.23,Â£0.00,In stock (9 available),0
Nonfiction,Â£35.92,Â£35.92,Â£0.00,In stock (9 available),0
Art,Â£48.63,Â£48.63,Â£0.00,In stock (9 available),0
Fantasy,Â£56.63,Â£56.63,Â£0.00,In stock (9 available),0
Add a comment,Â£50.49,Â£50.49,Â£0.00,In stock (9 available),0
Add a comment,Â£35.79,Â£35.79,Â£0.00,In stock (9 available),0
Nonfiction,Â£34.06,Â£34.06,Â£0.00,In stock (8 available),0
Nonfiction,Â£17.76,Â£17.76,Â£0.00,In stock (8 available),0
Nonfiction,Â£39.36,Â£39.36,Â£0.00,In stock (8 available),0
Travel,Â£36.94,Â£36.94,Â£0.00,In stock (8 available),0
Default,Â£43.62,Â£43.62,Â£0.00,In stock (8 available),0
Art,Â£43.02,Â£43.02,Â£0.00,In stock (8 available),0
Nonfiction,Â£28.45,Â£28.45,Â£0.00,In stock (8 available),0
Default,Â£41.39,Â£41.39,Â£0.00,In stock (8 available),0
Fiction,Â£51.15,Â£51.15,Â£0.00,In stock (8 available),0
Short Stories,Â£35.88,Â£35.88,Â£0.00,In stock (8 available),0
Business,Â£36.91,Â£36.91,Â£0.00,In stock (8 available),0
Young Adult,Â£28.93,Â£28.93,Â£0.00,In stock (8 available),0
Nonfiction,Â£38.89,Â£38.89,Â£0.00,In stock (8 available),0
Suspense,Â£58.33,Â£58.33,Â£0.00,In stock (8 available),0
Christian Fiction,Â£39.67,Â£39.67,Â£0.00,In stock (8 available),0
Sequential Art,Â£14.10,Â£14.10,Â£0.00,In stock (8 available),0
Nonfiction,Â£21.82,Â£21.82,Â£0.00,In stock (8 available),0
Philosophy,Â£54.21,Â£54.21,Â£0.00,In stock (8 available),0
Music,Â£31.19,Â£31.19,Â£0.00,In stock (8 available),0
Poetry,Â£53.64,Â£53.64,Â£0.00,In stock (8 available),0
Young Adult,Â£36.39,Â£36.39,Â£0.00,In stock (8 available),0
Fiction,Â£58.54,Â£58.54,Â£0.00,In stock (8 available),0
Nonfiction,Â£29.48,Â£29.48,Â£0.00,In stock (8 available),0
Nonfiction,Â£25.06,Â£25.06,Â£0.00,In stock (8 available),0
Nonfiction,Â£12.55,Â£12.55,Â£0.00,In stock (8 available),0
Poetry,Â£29.04,Â£29.04,Â£0.00,In stock (8 available),0
Default,Â£40.72,Â£40.72,Â£0.00,In stock (8 available),0
Music,Â£45.05,Â£45.05,Â£0.00,In stock (8 available),0
Philosophy,Â£47.13,Â£47.13,Â£0.00,In stock (8 available),0
Default,Â£20.22,Â£20.22,Â£0.00,In stock (8 available),0
Default,Â£56.48,Â£56.48,Â£0.00,In stock (8 available),0
Nonfiction,Â£44.21,Â£44.21,Â£0.00,In stock (8 available),0
Fiction,Â£21.96,Â£21.96,Â£0.00,In stock (8 available),0
Poetry,Â£40.45,Â£40.45,Â£0.00,In stock (8 available),0
Art,Â£10.29,Â£10.29,Â£0.00,In stock (8 available),0
Default,Â£52.86,Â£52.86,Â£0.00,In stock (8 available),0
Young Adult,Â£55.65,Â£55.65,Â£0.00,In stock (8 available),0
Default,Â£43.64,Â£43.64,Â£0.00,In stock (8 available),0
Science,Â£28.41,Â£28.41,Â£0.00,In stock (8 available),0
Default,Â£37.51,Â£37.51,Â£0.00,In stock (8 available),0
History,Â£11.45,Â£11.45,Â£0.00,In stock (8 available),0
Nonfiction,Â£19.22,Â£19.22,Â£0.00,In stock (8 available),0
Nonfiction,Â£56.91,Â£56.91,Â£0.00,In stock (8 available),0
Nonfiction,Â£55.06,Â£55.06,Â£0.00,In stock (8 available),0
Nonfiction,Â£13.20,Â£13.20,Â£0.00,In stock (8 available),0
Food and Drink,Â£53.63,Â£53.63,Â£0.00,In stock (8 available),0
History,Â£44.48,Â£44.48,Â£0.00,In stock (8 available),0
Self Help,Â£12.08,Â£12.08,Â£0.00,In stock (7 available),0
Default,Â£22.14,Â£22.14,Â£0.00,In stock (7 available),0
Mystery,Â£25.37,Â£25.37,Â£0.00,In stock (7 available),0
Spirituality,Â£46.33,Â£46.33,Â£0.00,In stock (7 available),0
Travel,Â£37.33,Â£37.33,Â£0.00,In stock (7 available),0
Humor,Â£25.55,Â£25.55,Â£0.00,In stock (7 available),0
Default,Â£34.72,Â£34.72,Â£0.00,In stock (7 available),0
Childrens,Â£35.96,Â£35.96,Â£0.00,In stock (7 available),0
Art,Â£41.14,Â£41.14,Â£0.00,In stock (7 available),0
Science,Â£10.01,Â£10.01,Â£0.00,In stock (7 available),0
Default,Â£36.05,Â£36.05,Â£0.00,In stock (7 available),0
Default,Â£49.03,Â£49.03,Â£0.00,In stock (7 available),0
Add a comment,Â£16.24,Â£16.24,Â£0.00,In stock (7 available),0
Biography,Â£39.55,Â£39.55,Â£0.00,In stock (7 available),0
Add a comment,Â£35.67,Â£35.67,Â£0.00,In stock (7 available),0
Historical Fiction,Â£16.62,Â£16.62,Â£0.00,In stock (7 available),0
Fiction,Â£42.78,Â£42.78,Â£0.00,In stock (7 available),0
Mystery,Â£52.30,Â£52.30,Â£0.00,In stock (7 available),0
Art,Â£32.34,Â£32.34,Â£0.00,In stock (7 available),0
Default,Â£33.17,Â£33.17,Â£0.00,In stock (7 available),0
Add a comment,Â£20.12,Â£20.12,Â£0.00,In stock (7 available),0
Default,Â£20.90,Â£20.90,Â£0.00,In stock (7 available),0
Romance,Â£20.90,Â£20.90,Â£0.00,In stock (7 available),0
Fiction,Â£40.20,Â£40.20,Â£0.00,In stock (7 available),0
Childrens,Â£52.87,Â£52.87,Â£0.00,In stock (7 available),0
Business,Â£51.74,Â£51.74,Â£0.00,In stock (7 available),0
Childrens,Â£34.41,Â£34.41,Â£0.00,In stock (7 available),0
Childrens,Â£32.38,Â£32.38,Â£0.00,In stock (7 available),0
Young Adult,Â£50.35,Â£50.35,Â£0.00,In stock (7 available),0
Food and Drink,Â£11.38,Â£11.38,Â£0.00,In stock (7 available),0
Womens Fiction,Â£43.58,Â£43.58,Â£0.00,In stock (7 available),0
Fiction,Â£49.67,Â£49.67,Â£0.00,In stock (7 available),0
Christian Fiction,Â£28.77,Â£28.77,Â£0.00,In stock (7 available),0
Default,Â£13.22,Â£13.22,Â£0.00,In stock (7 available),0
Poetry,Â£51.17,Â£51.17,Â£0.00,In stock (7 available),0
Fantasy,Â£39.61,Â£39.61,Â£0.00,In stock (7 available),0
Add a comment,Â£57.43,Â£57.43,Â£0.00,In stock (7 available),0
Food and Drink,Â£46.01,Â£46.01,Â£0.00,In stock (7 available),0
Food and Drink,Â£28.25,Â£28.25,Â£0.00,In stock (7 available),0
Add a comment,Â£37.05,Â£37.05,Â£0.00,In stock (7 available),0
Sequential Art,Â£19.57,Â£19.57,Â£0.00,In stock (7 available),0
Nonfiction,Â£45.13,Â£45.13,Â£0.00,In stock (7 available),0
Nonfiction,Â£46.64,Â£46.64,Â£0.00,In stock (7 available),0
Fantasy,Â£12.16,Â£12.16,Â£0.00,In stock (7 available),0
Mystery,Â£20.89,Â£20.89,Â£0.00,In stock (7 available),0
Christian Fiction,Â£17.97,Â£17.97,Â£0.00,In stock (7 available),0
Music,Â£52.60,Â£52.60,Â£0.00,In stock (7 available),0
Christian,Â£25.77,Â£25.77,Â£0.00,In stock (7 available),0
Biography,Â£48.19,Â£48.19,Â£0.00,In stock (7 available),0
Philosophy,Â£29.93,Â£29.93,Â£0.00,In stock (7 available),0
Travel,Â£44.34,Â£44.34,Â£0.00,In stock (7 available),0
History,Â£52.40,Â£52.40,Â£0.00,In stock (7 available),0
Fantasy,Â£44.81,Â£44.81,Â£0.00,In stock (7 available),0
Default,Â£57.84,Â£57.84,Â£0.00,In stock (6 available),0
History,Â£39.67,Â£39.67,Â£0.00,In stock (6 available),0
Default,Â£55.02,Â£55.02,Â£0.00,In stock (6 available),0
Mystery,Â£24.80,Â£24.80,Â£0.00,In stock (6 available),0
Nonfiction,Â£59.45,Â£59.45,Â£0.00,In stock (6 available),0
Default,Â£31.58,Â£31.58,Â£0.00,In stock (6 available),0
Add a comment,Â£43.27,Â£43.27,Â£0.00,In stock (6 available),0
Historical Fiction,Â£37.34,Â£37.34,Â£0.00,In stock (6 available),0
Default,Â£17.80,Â£17.80,Â£0.00,In stock (6 available),0
Travel,Â£30.54,Â£30.54,Â£0.00,In stock (6 available),0
Add a comment,Â£18.77,Â£18.77,Â£0.00,In stock (6 available),0
Add a comment,Â£46.85,Â£46.85,Â£0.00,In stock (6 available),0
Historical,Â£15.79,Â£15.79,Â£0.00,In stock (6 available),0
Default,Â£10.27,Â£10.27,Â£0.00,In stock (6 available),0
Poetry,Â£15.42,Â£15.42,Â£0.00,In stock (6 available),0
Food and Drink,Â£59.92,Â£59.92,Â£0.00,In stock (6 available),0
Young Adult,Â£50.96,Â£50.96,Â£0.00,In stock (6 available),0
Default,Â£30.60,Â£30.60,Â£0.00,In stock (6 available),0
Add a comment,Â£19.27,Â£19.27,Â£0.00,In stock (6 available),0
Default,Â£46.58,Â£46.58,Â£0.00,In stock (6 available),0
Add a comment,Â£48.51,Â£48.51,Â£0.00,In stock (6 available),0
Fiction,Â£19.02,Â£19.02,Â£0.00,In stock (6 available),0
Mystery,Â£38.38,Â£38.38,Â£0.00,In stock (6 available),0
Nonfiction,Â£49.98,Â£49.98,Â£0.00,In stock (6 available),0
Self Help,Â£46.49,Â£46.49,Â£0.00,In stock (6 available),0
Thriller,Â£18.32,Â£18.32,Â£0.00,In stock (6 available),0
Nonfiction,Â£42.14,Â£42.14,Â£0.00,In stock (6 available),0
Add a comment,Â£56.59,Â£56.59,Â£0.00,In stock (6 available),0
Sequential Art,Â£20.96,Â£20.96,Â£0.00,In stock (6 available),0
Fiction,Â£40.32,Â£40.32,Â£0.00,In stock (6 available),0
Sequential Art,Â£36.39,Â£36.39,Â£0.00,In stock (6 available),0
History,Â£58.55,Â£58.55,Â£0.00,In stock (6 available),0
Food and Drink,Â£39.61,Â£39.61,Â£0.00,In stock (6 available),0
Psychology,Â£21.30,Â£21.30,Â£0.00,In stock (6 available),0
Travel,Â£56.88,Â£56.88,Â£0.00,In stock (6 available),0
Historical Fiction,Â£32.97,Â£32.97,Â£0.00,In stock (5 available),0
Young Adult,Â£47.31,Â£47.31,Â£0.00,In stock (5 available),0
Nonfiction,Â£48.67,Â£48.67,Â£0.00,In stock (5 available),0
Young Adult,Â£41.73,Â£41.73,Â£0.00,In stock (5 available),0
Default,Â£53.68,Â£53.68,Â£0.00,In stock (5 available),0
Young Adult,Â£14.64,Â£14.64,Â£0.00,In stock (5 available),0
Music,Â£38.40,Â£38.40,Â£0.00,In stock (5 available),0
Classics,Â£15.08,Â£15.08,Â£0.00,In stock (5 available),0
Add a comment,Â£30.57,Â£30.57,Â£0.00,In stock (5 available),0
Fantasy,Â£57.74,Â£57.74,Â£0.00,In stock (5 available),0
Food and Drink,Â£11.05,Â£11.05,Â£0.00,In stock (5 available),0
Classics,Â£28.58,Â£28.58,Â£0.00,In stock (5 available),0
History,Â£42.91,Â£42.91,Â£0.00,In stock (5 available),0
Fiction,Â£24.73,Â£24.73,Â£0.00,In stock (5 available),0
History,Â£55.91,Â£55.91,Â£0.00,In stock (5 available),0
Science,Â£13.76,Â£13.76,Â£0.00,In stock (5 available),0
Fiction,Â£45.56,Â£45.56,Â£0.00,In stock (5 available),0
Default,Â£47.22,Â£47.22,Â£0.00,In stock (5 available),0
Fantasy,Â£56.00,Â£56.00,Â£0.00,In stock (5 available),0
Fiction,Â£44.58,Â£44.58,Â£0.00,In stock (5 available),0
Default,Â£34.50,Â£34.50,Â£0.00,In stock (5 available),0
Young Adult,Â£11.33,Â£11.33,Â£0.00,In stock (5 available),0
Poetry,Â£38.77,Â£38.77,Â£0.00,In stock (5 available),0
Default,Â£11.83,Â£11.83,Â£0.00,In stock (5 available),0
Fantasy,Â£45.51,Â£45.51,Â£0.00,In stock (5 available),0
Young Adult,Â£41.81,Â£41.81,Â£0.00,In stock (5 available),0
Nonfiction,Â£25.15,Â£25.15,Â£0.00,In stock (5 available),0
Fiction,Â£34.22,Â£34.22,Â£0.00,In stock (5 available),0
Default,Â£16.23,Â£16.23,Â£0.00,In stock (5 available),0
Default,Â£11.48,Â£11.48,Â£0.00,In stock (5 available),0
Horror,Â£23.37,Â£23.37,Â£0.00,In stock (5 available),0
Science,Â£16.28,Â£16.28,Â£0.00,In stock (5 available),0
Nonfiction,Â£31.63,Â£31.63,Â£0.00,In stock (5 available),0
Food and Drink,Â£24.91,Â£24.91,Â£0.00,In stock (5 available),0
Childrens,Â£22.54,Â£22.54,Â£0.00,In stock (5 available),0
Young Adult,Â£23.63,Â£23.63,Â£0.00,In stock (5 available),0
Academic,Â£13.12,Â£13.12,Â£0.00,In stock (5 available),0
Fiction,Â£59.98,Â£59.98,Â£0.00,In stock (5 available),0
Thriller,Â£31.49,Â£31.49,Â£0.00,In stock (5 available),0
Young Adult,Â£15.52,Â£15.52,Â£0.00,In stock (5 available),0
Young Adult,Â£48.13,Â£48.13,Â£0.00,In stock (5 available),0
Default,Â£38.13,Â£38.13,Â£0.00,In stock (5 available),0
Default,Â£36.55,Â£36.55,Â£0.00,In stock (5 available),0
Default,Â£23.32,Â£23.32,Â£0.00,In stock (5 available),0
Sequential Art,Â£16.33,Â£16.33,Â£0.00,In stock (5 available),0
Science Fiction,Â£32.42,Â£32.42,Â£0.00,In stock (5 available),0
Default,Â£16.96,Â£16.96,Â£0.00,In stock (5 available),0
Add a comment,Â£22.37,Â£22.37,Â£0.00,In stock (5 available),0
Add a comment,Â£42.27,Â£42.27,Â£0.00,In stock (5 available),0
Default,Â£38.70,Â£38.70,Â£0.00,In stock (5 available),0
Horror,Â£35.63,Â£35.63,Â£0.00,In stock (5 available),0
Fiction,Â£58.00,Â£58.00,Â£0.00,In stock (5 available),0
Sequential Art,Â£52.41,Â£52.41,Â£0.00,In stock (5 available),0
Nonfiction,Â£32.35,Â£32.35,Â£0.00,In stock (5 available),0
Philosophy,Â£20.75,Â£20.75,Â£0.00,In stock (5 available),0
Poetry,Â£17.49,Â£17.49,Â£0.00,In stock (5 available),0
Default,Â£34.13,Â£34.13,Â£0.00,In stock (5 available),0
Autobiography,Â£58.81,Â£58.81,Â£0.00,In stock (5 available),0
Young Adult,Â£10.00,Â£10.00,Â£0.00,In stock (5 available),0
History,Â£51.22,Â£51.22,Â£0.00,In stock (5 available),0
Default,Â£58.59,Â£58.59,Â£0.00,In stock (5 available),0
Romance,Â£31.30,Â£31.30,Â£0.00,In stock (5 available),0
Add a comment,Â£46.42,Â£46.42,Â£0.00,In stock (5 available),0
Fantasy,Â£17.21,Â£17.21,Â£0.00,In stock (5 available),0
Add a comment,Â£10.79,Â£10.79,Â£0.00,In stock (5 available),0
Default,Â£52.35,Â£52.35,Â£0.00,In stock (4 available),0
Default,Â£27.88,Â£27.88,Â£0.00,In stock (4 available),0
Classics,Â£50.26,Â£50.26,Â£0.00,In stock (4 available),0
Romance,Â£59.99,Â£59.99,Â£0.00,In stock (4 available),0
Historical Fiction,Â£28.32,Â£28.32,Â£0.00,In stock (4 available),0
Nonfiction,Â£38.71,Â£38.71,Â£0.00,In stock (4 available),0
Default,Â£29.85,Â£29.85,Â£0.00,In stock (4 available),0
Classics,Â£14.82,Â£14.82,Â£0.00,In stock (4 available),0
Nonfiction,Â£16.81,Â£16.81,Â£0.00,In stock (4 available),0
Nonfiction,Â£28.23,Â£28.23,Â£0.00,In stock (4 available),0
Fantasy,Â£52.11,Â£52.11,Â£0.00,In stock (4 available),0
Sequential Art,Â£27.88,Â£27.88,Â£0.00,In stock (4 available),0
Thriller,Â£59.71,Â£59.71,Â£0.00,In stock (4 available),0
Fantasy,Â£46.08,Â£46.08,Â£0.00,In stock (4 available),0
Womens Fiction,Â£13.73,Â£13.73,Â£0.00,In stock (4 available),0
Womens Fiction,Â£48.39,Â£48.39,Â£0.00,In stock (4 available),0
Fantasy,Â£49.45,Â£49.45,Â£0.00,In stock (4 available),0
Default,Â£19.67,Â£19.67,Â£0.00,In stock (4 available),0
Music,Â£12.36,Â£12.36,Â£0.00,In stock (4 available),0
Music,Â£20.02,Â£20.02,Â£0.00,In stock (4 available),0
Horror,Â£12.75,Â£12.75,Â£0.00,In stock (4 available),0
Horror,Â£47.51,Â£47.51,Â£0.00,In stock (4 available),0
Default,Â£20.44,Â£20.44,Â£0.00,In stock (4 available),0
Horror,Â£34.79,Â£34.79,Â£0.00,In stock (4 available),0
Classics,Â£28.07,Â£28.07,Â£0.00,In stock (4 available),0
Horror,Â£25.01,Â£25.01,Â£0.00,In stock (4 available),0
Default,Â£13.90,Â£13.90,Â£0.00,In stock (4 available),0
Young Adult,Â£24.17,Â£24.17,Â£0.00,In stock (4 available),0
Fantasy,Â£31.63,Â£31.63,Â£0.00,In stock (4 available),0
Fantasy,Â£48.75,Â£48.75,Â£0.00,In stock (4 available),0
Fantasy,Â£14.74,Â£14.74,Â£0.00,In stock (4 available),0
Classics,Â£32.49,Â£32.49,Â£0.00,In stock (4 available),0
Nonfiction,Â£27.80,Â£27.80,Â£0.00,In stock (4 available),0
Historical Fiction,Â£26.77,Â£26.77,Â£0.00,In stock (4 available),0
Sequential Art,Â£50.44,Â£50.44,Â£0.00,In stock (4 available),0
Thriller,Â£34.93,Â£34.93,Â£0.00,In stock (4 available),0
Romance,Â£12.87,Â£12.87,Â£0.00,In stock (4 available),0
Default,Â£48.94,Â£48.94,Â£0.00,In stock (4 available),0
Romance,Â£13.38,Â£13.38,Â£0.00,In stock (4 available),0
Classics,Â£58.63,Â£58.63,Â£0.00,In stock (4 available),0
Womens Fiction,Â£21.94,Â£21.94,Â£0.00,In stock (4 available),0
Fiction,Â£26.58,Â£26.58,Â£0.00,In stock (4 available),0
Classics,Â£57.22,Â£57.22,Â£0.00,In stock (4 available),0
Romance,Â£56.43,Â£56.43,Â£0.00,In stock (4 available),0
Spirituality,Â£55.65,Â£55.65,Â£0.00,In stock (4 available),0
Religion,Â£27.62,Â£27.62,Â£0.00,In stock (4 available),0
Horror,Â£49.56,Â£49.56,Â£0.00,In stock (4 available),0
Default,Â£34.77,Â£34.77,Â£0.00,In stock (3 available),0
Classics,Â£17.73,Â£17.73,Â£0.00,In stock (3 available),0
Default,Â£21.80,Â£21.80,Â£0.00,In stock (3 available),0
Default,Â£46.02,Â£46.02,Â£0.00,In stock (3 available),0
Default,Â£18.13,Â£18.13,Â£0.00,In stock (3 available),0
Humor,Â£30.89,Â£30.89,Â£0.00,In stock (3 available),0
Nonfiction,Â£31.95,Â£31.95,Â£0.00,In stock (3 available),0
Contemporary,Â£24.04,Â£24.04,Â£0.00,In stock (3 available),0
Young Adult,Â£32.36,Â£32.36,Â£0.00,In stock (3 available),0
Historical Fiction,Â£21.07,Â£21.07,Â£0.00,In stock (3 available),0
Nonfiction,Â£50.66,Â£50.66,Â£0.00,In stock (3 available),0
Food and Drink,Â£13.66,Â£13.66,Â£0.00,In stock (3 available),0
Nonfiction,Â£58.09,Â£58.09,Â£0.00,In stock (3 available),0
Nonfiction,Â£30.00,Â£30.00,Â£0.00,In stock (3 available),0
Young Adult,Â£32.74,Â£32.74,Â£0.00,In stock (3 available),0
Default,Â£41.93,Â£41.93,Â£0.00,In stock (3 available),0
Womens Fiction,Â£42.80,Â£42.80,Â£0.00,In stock (3 available),0
Nonfiction,Â£53.51,Â£53.51,Â£0.00,In stock (3 available),0
Fiction,Â£23.21,Â£23.21,Â£0.00,In stock (3 available),0
Psychology,Â£21.14,Â£21.14,Â£0.00,In stock (3 available),0
Childrens,Â£56.07,Â£56.07,Â£0.00,In stock (3 available),0
Sequential Art,Â£14.41,Â£14.41,Â£0.00,In stock (3 available),0
Womens Fiction,Â£45.75,Â£45.75,Â£0.00,In stock (3 available),0
Thriller,Â£15.77,Â£15.77,Â£0.00,In stock (3 available),0
Add a comment,Â£10.02,Â£10.02,Â£0.00,In stock (3 available),0
Childrens,Â£48.77,Â£48.77,Â£0.00,In stock (3 available),0
Horror,Â£57.86,Â£57.86,Â£0.00,In stock (3 available),0
Food and Drink,Â£23.59,Â£23.59,Â£0.00,In stock (3 available),0
Mystery,Â£23.05,Â£23.05,Â£0.00,In stock (3 available),0
Sequential Art,Â£55.55,Â£55.55,Â£0.00,In stock (3 available),0
Fantasy,Â£58.64,Â£58.64,Â£0.00,In stock (3 available),0
Travel,Â£23.21,Â£23.21,Â£0.00,In stock (3 available),0
Biography,Â£42.57,Â£42.57,Â£0.00,In stock (3 available),0
Science Fiction,Â£10.92,Â£10.92,Â£0.00,In stock (3 available),0
Add a comment,Â£34.77,Â£34.77,Â£0.00,In stock (3 available),0
Historical Fiction,Â£35.66,Â£35.66,Â£0.00,In stock (3 available),0
Add a comment,Â£37.19,Â£37.19,Â£0.00,In stock (3 available),0
Romance,Â£12.25,Â£12.25,Â£0.00,In stock (3 available),0
Classics,Â£29.70,Â£29.70,Â£0.00,In stock (3 available),0
Default,Â£36.80,Â£36.80,Â£0.00,In stock (3 available),0
Romance,Â£45.43,Â£45.43,Â£0.00,In stock (3 available),0
Fiction,Â£26.26,Â£26.26,Â£0.00,In stock (3 available),0
Young Adult,Â£44.92,Â£44.92,Â£0.00,In stock (3 available),0
Womens Fiction,Â£52.53,Â£52.53,Â£0.00,In stock (3 available),0
Nonfiction,Â£37.25,Â£37.25,Â£0.00,In stock (3 available),0
Default,Â£20.93,Â£20.93,Â£0.00,In stock (3 available),0
Default,Â£58.09,Â£58.09,Â£0.00,In stock (3 available),0
Childrens,Â£43.59,Â£43.59,Â£0.00,In stock (3 available),0
Business,Â£33.92,Â£33.92,Â£0.00,In stock (3 available),0
Historical Fiction,Â£55.55,Â£55.55,Â£0.00,In stock (3 available),0
Young Adult,Â£29.64,Â£29.64,Â£0.00,In stock (3 available),0
Fiction,Â£27.41,Â£27.41,Â£0.00,In stock (3 available),0
Fiction,Â£52.51,Â£52.51,Â£0.00,In stock (3 available),0
Add a comment,Â£47.80,Â£47.80,Â£0.00,In stock (3 available),0
History,Â£14.54,Â£14.54,Â£0.00,In stock (3 available),0
Historical Fiction,Â£49.53,Â£49.53,Â£0.00,In stock (3 available),0
Default,Â£43.58,Â£43.58,Â£0.00,In stock (3 available),0
Default,Â£12.30,Â£12.30,Â£0.00,In stock (3 available),0
Horror,Â£49.47,Â£49.47,Â£0.00,In stock (3 available),0
Default,Â£22.14,Â£22.14,Â£0.00,In stock (3 available),0
Add a comment,Â£57.48,Â£57.48,Â£0.00,In stock (3 available),0
Mystery,Â£43.45,Â£43.45,Â£0.00,In stock (3 available),0
Add a comment,Â£22.13,Â£22.13,Â£0.00,In stock (3 available),0
Science,Â£13.03,Â£13.03,Â£0.00,In stock (3 available),0
Science,Â£57.35,Â£57.35,Â£0.00,In stock (3 available),0
Womens Fiction,Â£44.29,Â£44.29,Â£0.00,In stock (3 available),0
Default,Â£52.25,Â£52.25,Â£0.00,In stock (3 available),0
Childrens,Â£26.33,Â£26.33,Â£0.00,In stock (3 available),0
Fiction,Â£22.96,Â£22.96,Â£0.00,In stock (3 available),0
Mystery,Â£19.21,Â£19.21,Â£0.00,In stock (3 available),0
Classics,Â£26.78,Â£26.78,Â£0.00,In stock (3 available),0
Add a comment,Â£41.32,Â£41.32,Â£0.00,In stock (3 available),0
Add a comment,Â£24.55,Â£24.55,Â£0.00,In stock (3 available),0
Childrens,Â£16.26,Â£16.26,Â£0.00,In stock (3 available),0
Add a comment,Â£47.84,Â£47.84,Â£0.00,In stock (3 available),0
Default,Â£53.49,Â£53.49,Â£0.00,In stock (3 available),0
Sports and Games,Â£44.84,Â£44.84,Â£0.00,In stock (3 available),0
Add a comment,Â£53.71,Â£53.71,Â£0.00,In stock (3 available),0
Default,Â£23.43,Â£23.43,Â£0.00,In stock (3 available),0
Food and Drink,Â£34.32,Â£34.32,Â£0.00,In stock (3 available),0
Fiction,Â£22.10,Â£22.10,Â£0.00,In stock (3 available),0
Science,Â£25.83,Â£25.83,Â£0.00,In stock (3 available),0
Nonfiction,Â£36.74,Â£36.74,Â£0.00,In stock (3 available),0
Nonfiction,Â£49.51,Â£49.51,Â£0.00,In stock (3 available),0
Womens Fiction,Â£48.96,Â£48.96,Â£0.00,In stock (3 available),0
Womens Fiction,Â£54.62,Â£54.62,Â£0.00,In stock (3 available),0
Fantasy,Â£24.72,Â£24.72,Â£0.00,In stock (3 available),0
Default,Â£46.45,Â£46.45,Â£0.00,In stock (3 available),0
Add a comment,Â£52.33,Â£52.33,Â£0.00,In stock (3 available),0
Science,Â£30.60,Â£30.60,Â£0.00,In stock (3 available),0
Young Adult,Â£14.57,Â£14.57,Â£0.00,In stock (3 available),0
Add a comment,Â£46.29,Â£46.29,Â£0.00,In stock (3 available),0
Sequential Art,Â£21.57,Â£21.57,Â£0.00,In stock (3 available),0
Autobiography,Â£12.91,Â£12.91,Â£0.00,In stock (3 available),0
Add a comment,Â£50.11,Â£50.11,Â£0.00,In stock (3 available),0
Nonfiction,Â£41.67,Â£41.67,Â£0.00,In stock (3 available),0
Business,Â£44.88,Â£44.88,Â£0.00,In stock (3 available),0
Romance,Â£11.10,Â£11.10,Â£0.00,In stock (3 available),0
Childrens,Â£28.54,Â£28.54,Â£0.00,In stock (3 available),0
Science Fiction,Â£19.07,Â£19.07,Â£0.00,In stock (3 available),0
Default,Â£43.55,Â£43.55,Â£0.00,In stock (3 available),0
Sequential Art,Â£43.63,Â£43.63,Â£0.00,In stock (3 available),0
Sequential Art,Â£39.13,Â£39.13,Â£0.00,In stock (3 available),0
Default,Â£56.68,Â£56.68,Â£0.00,In stock (3 available),0
Nonfiction,Â£14.16,Â£14.16,Â£0.00,In stock (3 available),0
Sequential Art,Â£31.45,Â£31.45,Â£0.00,In stock (3 available),0
Default,Â£24.61,Â£24.61,Â£0.00,In stock (3 available),0
Default,Â£32.87,Â£32.87,Â£0.00,In stock (3 available),0
Nonfiction,Â£40.17,Â£40.17,Â£0.00,In stock (3 available),0
Nonfiction,Â£13.51,Â£13.51,Â£0.00,In stock (3 available),0
Travel,Â£38.95,Â£38.95,Â£0.00,In stock (3 available),0
Humor,Â£31.69,Â£31.69,Â£0.00,In stock (3 available),0
Default,Â£29.40,Â£29.40,Â£0.00,In stock (3 available),0
Nonfiction,Â£57.83,Â£57.83,Â£0.00,In stock (3 available),0
Fantasy,Â£55.46,Â£55.46,Â£0.00,In stock (3 available),0
Autobiography,Â£57.60,Â£57.60,Â£0.00,In stock (3 available),0
Add a comment,Â£34.98,Â£34.98,Â£0.00,In stock (3 available),0
Autobiography,Â£11.87,Â£11.87,Â£0.00,In stock (3 available),0
Fiction,Â£12.47,Â£12.47,Â£0.00,In stock (3 available),0
Science Fiction,Â£33.26,Â£33.26,Â£0.00,In stock (3 available),0
Autobiography,Â£59.04,Â£59.04,Â£0.00,In stock (3 available),0
Default,Â£26.13,Â£26.13,Â£0.00,In stock (3 available),0
Nonfiction,Â£22.20,Â£22.20,Â£0.00,In stock (3 available),0
Nonfiction,Â£45.11,Â£45.11,Â£0.00,In stock (3 available),0
Young Adult,Â£43.69,Â£43.69,Â£0.00,In stock (3 available),0
Default,Â£25.02,Â£25.02,Â£0.00,In stock (3 available),0
Humor,Â£55.50,Â£55.50,Â£0.00,In stock (3 available),0
Young Adult,Â£53.04,Â£53.04,Â£0.00,In stock (3 available),0
Fiction,Â£44.97,Â£44.97,Â£0.00,In stock (3 available),0
Nonfiction,Â£42.38,Â£42.38,Â£0.00,In stock (3 available),0
Default,Â£20.11,Â£20.11,Â£0.00,In stock (3 available),0
Nonfiction,Â£56.70,Â£56.70,Â£0.00,In stock (3 available),0
Fiction,Â£41.00,Â£41.00,Â£0.00,In stock (3 available),0
Nonfiction,Â£28.85,Â£28.85,Â£0.00,In stock (3 available),0
Christian Fiction,Â£49.97,Â£49.97,Â£0.00,In stock (3 available),0
Womens Fiction,Â£19.69,Â£19.69,Â£0.00,In stock (3 available),0
Nonfiction,Â£28.88,Â£28.88,Â£0.00,In stock (3 available),0
Food and Drink,Â£33.14,Â£33.14,Â£0.00,In stock (3 available),0
History,Â£43.70,Â£43.70,Â£0.00,In stock (3 available),0
Horror,Â£54.89,Â£54.89,Â£0.00,In stock (3 available),0
Childrens,Â£37.52,Â£37.52,Â£0.00,In stock (3 available),0
Humor,Â£51.07,Â£51.07,Â£0.00,In stock (3 available),0
Fantasy,Â£44.07,Â£44.07,Â£0.00,In stock (3 available),0
Childrens,Â£10.79,Â£10.79,Â£0.00,In stock (3 available),0
Sequential Art,Â£42.72,Â£42.72,Â£0.00,In stock (3 available),0
Nonfiction,Â£26.66,Â£26.66,Â£0.00,In stock (3 available),0
Default,Â£37.60,Â£37.60,Â£0.00,In stock (3 available),0
Young Adult,Â£42.21,Â£42.21,Â£0.00,In stock (3 available),0
Historical Fiction,Â£46.83,Â£46.83,Â£0.00,In stock (3 available),0
Sequential Art,Â£45.17,Â£45.17,Â£0.00,In stock (3 available),0
Sports and Games,Â£51.22,Â£51.22,Â£0.00,In stock (3 available),0
Add a comment,Â£21.28,Â£21.28,Â£0.00,In stock (3 available),0
Adult Fiction,Â£15.36,Â£15.36,Â£0.00,In stock (3 available),0
Default,Â£38.62,Â£38.62,Â£0.00,In stock (3 available),0
Mystery,Â£25.40,Â£25.40,Â£0.00,In stock (3 available),0
Fantasy,Â£43.87,Â£43.87,Â£0.00,In stock (3 available),0
Default,Â£18.74,Â£18.74,Â£0.00,In stock (3 available),0
Science Fiction,Â£54.86,Â£54.86,Â£0.00,In stock (3 available),0
Default,Â£52.62,Â£52.62,Â£0.00,In stock (3 available),0
Science Fiction,Â£51.48,Â£51.48,Â£0.00,In stock (3 available),0
Nonfiction,Â£15.28,Â£15.28,Â£0.00,In stock (3 available),0
Default,Â£39.24,Â£39.24,Â£0.00,In stock (3 available),0
Default,Â£17.81,Â£17.81,Â£0.00,In stock (3 available),0
Fantasy,Â£56.02,Â£56.02,Â£0.00,In stock (3 available),0
Default,Â£23.90,Â£23.90,Â£0.00,In stock (3 available),0
Fiction,Â£49.13,Â£49.13,Â£0.00,In stock (3 available),0
Childrens,Â£10.62,Â£10.62,Â£0.00,In stock (3 available),0
Add a comment,Â£36.17,Â£36.17,Â£0.00,In stock (3 available),0
Psychology,Â£59.95,Â£59.95,Â£0.00,In stock (3 available),0
Young Adult,Â£26.09,Â£26.09,Â£0.00,In stock (3 available),0
Parenting,Â£37.35,Â£37.35,Â£0.00,In stock (3 available),0
Mystery,Â£24.72,Â£24.72,Â£0.00,In stock (3 available),0
Default,Â£35.28,Â£35.28,Â£0.00,In stock (3 available),0
Nonfiction,Â£51.32,Â£51.32,Â£0.00,In stock (3 available),0
Young Adult,Â£21.12,Â£21.12,Â£0.00,In stock (3 available),0
Nonfiction,Â£27.35,Â£27.35,Â£0.00,In stock (3 available),0
Nonfiction,Â£21.74,Â£21.74,Â£0.00,In stock (3 available),0
Nonfiction,Â£40.87,Â£40.87,Â£0.00,In stock (3 available),0
Sequential Art,Â£49.31,Â£49.31,Â£0.00,In stock (3 available),0
Fiction,Â£22.11,Â£22.11,Â£0.00,In stock (3 available),0
Historical Fiction,Â£20.79,Â£20.79,Â£0.00,In stock (3 available),0
Romance,Â£27.41,Â£27.41,Â£0.00,In stock (3 available),0
Classics,Â£38.35,Â£38.35,Â£0.00,In stock (3 available),0
Default,Â£21.55,Â£21.55,Â£0.00,In stock (3 available),0
Sequential Art,Â£38.02,Â£38.02,Â£0.00,In stock (3 available),0
Fantasy,Â£22.06,Â£22.06,Â£0.00,In stock (3 available),0
Childrens,Â£10.66,Â£10.66,Â£0.00,In stock (3 available),0
Nonfiction,Â£56.58,Â£56.58,Â£0.00,In stock (3 available),0
Young Adult,Â£36.83,Â£36.83,Â£0.00,In stock (3 available),0
Classics,Â£35.01,Â£35.01,Â£0.00,In stock (3 available),0
Nonfiction,Â£30.48,Â£30.48,Â£0.00,In stock (3 available),0
Default,Â£14.08,Â£14.08,Â£0.00,In stock (3 available),0
Fantasy,Â£31.22,Â£31.22,Â£0.00,In stock (3 available),0
Autobiography,Â£54.29,Â£54.29,Â£0.00,In stock (3 available),0
Psychology,Â£31.04,Â£31.04,Â£0.00,In stock (3 available),0
Add a comment,Â£50.96,Â£50.96,Â£0.00,In stock (3 available),0
Nonfiction,Â£11.89,Â£11.89,Â£0.00,In stock (2 available),0
Add a comment,Â£31.38,Â£31.38,Â£0.00,In stock (2 available),0
Sequential Art,Â£54.81,Â£54.81,Â£0.00,In stock (2 available),0
Fiction,Â£16.78,Â£16.78,Â£0.00,In stock (2 available),0
Sports and Games,Â£24.42,Â£24.42,Â£0.00,In stock (2 available),0
Sequential Art,Â£11.75,Â£11.75,Â£0.00,In stock (2 available),0
Philosophy,Â£20.02,Â£20.02,Â£0.00,In stock (2 available),0
Young Adult,Â£12.86,Â£12.86,Â£0.00,In stock (2 available),0
Music,Â£31.58,Â£31.58,Â£0.00,In stock (2 available),0
Nonfiction,Â£34.00,Â£34.00,Â£0.00,In stock (2 available),0
Nonfiction,Â£57.42,Â£57.42,Â£0.00,In stock (2 available),0
Young Adult,Â£53.47,Â£53.47,Â£0.00,In stock (2 available),0
Sequential Art,Â£11.64,Â£11.64,Â£0.00,In stock (2 available),0
Childrens,Â£52.88,Â£52.88,Â£0.00,In stock (2 available),0
Sequential Art,Â£18.51,Â£18.51,Â£0.00,In stock (1 available),0
Historical Fiction,Â£41.32,Â£41.32,Â£0.00,In stock (1 available),0
Romance,Â£39.77,Â£39.77,Â£0.00,In stock (1 available),0
Fiction,Â£51.96,Â£51.96,Â£0.00,In stock (1 available),0
Art,Â£39.51,Â£39.51,Â£0.00,In stock (1 available),0
Paranormal,Â£15.40,Â£15.40,Â£0.00,In stock (1 available),0
Fantasy,Â£53.82,Â£53.82,Â£0.00,In stock (1 available),0
Poetry,Â£30.95,Â£30.95,Â£0.00,In stock (1 available),0
Nonfiction,Â£57.82,Â£57.82,Â£0.00,In stock (1 available),0
Science Fiction,Â£44.18,Â£44.18,Â£0.00,In stock (1 available),0
Romance,Â£48.71,Â£48.71,Â£0.00,In stock (1 available),0
Default,Â£19.69,Â£19.69,Â£0.00,In stock (1 available),0
Sequential Art,Â£36.52,Â£36.52,Â£0.00,In stock (1 available),0
Nonfiction,Â£41.56,Â£41.56,Â£0.00,In stock (1 available),0
Classics,Â£43.19,Â£43.19,Â£0.00,In stock (1 available),0
Fiction,Â£12.34,Â£12.34,Â£0.00,In stock (1 available),0
Fantasy,Â£36.25,Â£36.25,Â£0.00,In stock (1 available),0
Science,Â£29.45,Â£29.45,Â£0.00,In stock (1 available),0
Historical Fiction,Â£34.56,Â£34.56,Â£0.00,In stock (1 available),0
Sequential Art,Â£54.12,Â£54.12,Â£0.00,In stock (1 available),0
Add a comment,Â£33.78,Â£33.78,Â£0.00,In stock (1 available),0
Add a comment,Â£29.64,Â£29.64,Â£0.00,In stock (1 available),0
Mystery,Â£57.70,Â£57.70,Â£0.00,In stock (1 available),0
Philosophy,Â£36.34,Â£36.34,Â£0.00,In stock (1 available),0
Default,Â£50.59,Â£50.59,Â£0.00,In stock (1 available),0
Fantasy,Â£29.38,Â£29.38,Â£0.00,In stock (1 available),0
Classics,Â£45.42,Â£45.42,Â£0.00,In stock (1 available),0
Add a comment,Â£54.43,Â£54.43,Â£0.00,In stock (1 available),0
Science Fiction,Â£36.26,Â£36.26,Â£0.00,In stock (1 available),0
Add a comment,Â£16.16,Â£16.16,Â£0.00,In stock (1 available),0
New Adult,Â£36.29,Â£36.29,Â£0.00,In stock (1 available),0
Young Adult,Â£27.89,Â£27.89,Â£0.00,In stock (1 available),0
Mystery,Â£12.29,Â£12.29,Â£0.00,In stock (1 available),0
Mystery,Â£15.85,Â£15.85,Â£0.00,In stock (1 available),0
Nonfiction,Â£14.40,Â£14.40,Â£0.00,In stock (1 available),0
Womens Fiction,Â£19.18,Â£19.18,Â£0.00,In stock (1 available),0
Sequential Art,Â£10.64,Â£10.64,Â£0.00,In stock (1 available),0
Add a comment,Â£14.76,Â£14.76,Â£0.00,In stock (1 available),0
Religion,Â£57.49,Â£57.49,Â£0.00,In stock (1 available),0
Fiction,Â£30.66,Â£30.66,Â£0.00,In stock (1 available),0
Young Adult,Â£40.83,Â£40.83,Â£0.00,In stock (1 available),0
Default,Â£18.88,Â£18.88,Â£0.00,In stock (1 available),0
Historical Fiction,Â£25.83,Â£25.83,Â£0.00,In stock (1 available),0
Sequential Art,Â£42.12,Â£42.12,Â£0.00,In stock (1 available),0
Fantasy,Â£13.33,Â£13.33,Â£0.00,In stock (1 available),0
Default,Â£42.40,Â£42.40,Â£0.00,In stock (1 available),0
New Adult,Â£58.35,Â£58.35,Â£0.00,In stock (1 available),0
Fantasy,Â£21.72,Â£21.72,Â£0.00,In stock (1 available),0
Sports and Games,Â£44.91,Â£44.91,Â£0.00,In stock (1 available),0
Classics,Â£37.46,Â£37.46,Â£0.00,In stock (1 available),0
Sequential Art,Â£28.48,Â£28.48,Â£0.00,In stock (1 available),0
Romance,Â£28.34,Â£28.34,Â£0.00,In stock (1 available),0
Sequential Art,Â£46.96,Â£46.96,Â£0.00,In stock (1 available),0
Default,Â£24.96,Â£24.96,Â£0.00,In stock (1 available),0
Sequential Art,Â£21.71,Â£21.71,Â£0.00,In stock (1 available),0
Sequential Art,Â£29.87,Â£29.87,Â£0.00,In stock (1 available),0
Fantasy,Â£28.99,Â£28.99,Â£0.00,In stock (1 available),0
Fantasy,Â£52.94,Â£52.94,Â£0.00,In stock (1 available),0
Default,Â£32.36,Â£32.36,Â£0.00,In stock (1 available),0
Music,Â£55.66,Â£55.66,Â£0.00,In stock (1 available),0
New Adult,Â£39.45,Â£39.45,Â£0.00,In stock (1 available),0
Classics,Â£47.11,Â£47.11,Â£0.00,In stock (1 available),0
Fantasy,Â£58.75,Â£58.75,Â£0.00,In stock (1 available),0
Romance,Â£38.92,Â£38.92,Â£0.00,In stock (1 available),0
Sequential Art,Â£39.39,Â£39.39,Â£0.00,In stock (1 available),0
Philosophy,Â£25.89,Â£25.89,Â£0.00,In stock (1 available),0
Childrens,Â£28.34,Â£28.34,Â£0.00,In stock (1 available),0
Historical Fiction,Â£27.70,Â£27.70,Â£0.00,In stock (1 available),0
Add a comment,Â£24.89,Â£24.89,Â£0.00,In stock (1 available),0
Romance,Â£58.99,Â£58.99,Â£0.00,In stock (1 available),0
Fiction,Â£57.20,Â£57.20,Â£0.00,In stock (1 available),0
Default,Â£38.43,Â£38.43,Â£0.00,In stock (1 available),0
Romance,Â£34.74,Â£34.74,Â£0.00,In stock (1 available),0
Sports and Games,Â£40.44,Â£40.44,Â£0.00,In stock (1 available),0
Sequential Art,Â£45.24,Â£45.24,Â£0.00,In stock (1 available),0
Science Fiction,Â£34.96,Â£34.96,Â£0.00,In stock (1 available),0
Sequential Art,Â£56.76,Â£56.76,Â£0.00,In stock (1 available),0
Sequential Art,Â£40.28,Â£40.28,Â£0.00,In stock (1 available),0
Default,Â£38.00,Â£38.00,Â£0.00,In stock (1 available),0
Music,Â£28.80,Â£28.80,Â£0.00,In stock (1 available),0
Romance,Â£39.24,Â£39.24,Â£0.00,In stock (1 available),0
Classics,Â£32.93,Â£32.93,Â£0.00,In stock (1 available),0
Nonfiction,Â£51.32,Â£51.32,Â£0.00,In stock (1 available),0
Romance,Â£47.09,Â£47.09,Â£0.00,In stock (1 available),0
Religion,Â£28.42,Â£28.42,Â£0.00,In stock (1 available),0
Childrens,Â£22.85,Â£22.85,Â£0.00,In stock (1 available),0
Romance,Â£41.24,Â£41.24,Â£0.00,In stock (1 available),0
Fiction,Â£39.07,Â£39.07,Â£0.00,In stock (1 available),0
Womens Fiction,Â£29.82,Â£29.82,Â£0.00,In stock (1 available),0
Romance,Â£37.26,Â£37.26,Â£0.00,In stock (1 available),0
Mystery,Â£20.30,Â£20.30,Â£0.00,In stock (1 available),0
Sequential Art,Â£34.65,Â£34.65,Â£0.00,In stock (1 available),0
Philosophy,Â£43.38,Â£43.38,Â£0.00,In stock (1 available),0
Classics,Â£55.53,Â£55.53,Â£0.00,In stock (1 available),0
Sequential Art,Â£57.06,Â£57.06,Â£0.00,In stock (1 available),0
Historical Fiction,Â£16.97,Â£16.97,Â£0.00,In stock (1 available),0
Mystery,Â£53.98,Â£53.98,Â£0.00,In stock (1 available),0
Travel,Â£26.08,Â£26.08,Â£0.00,In stock (1 available),0
